{"chunk_definitions":[{"row":13,"row_count":1,"visible":true,"expansion_state":0,"options":{"engine":"r","label":"setup","include":false,"echo":true},"document_id":"35FA1530","chunk_id":"csetup_chunk","chunk_label":"setup"},{"row":25,"row_count":1,"visible":true,"expansion_state":0,"options":{"engine":"python","label":"unnamed-chunk-1"},"document_id":"35FA1530","chunk_id":"c5ss7ylzlh1o9","chunk_label":"unnamed-chunk-1"},{"row":33,"row_count":1,"visible":true,"expansion_state":0,"options":{"engine":"python","label":"unnamed-chunk-2"},"document_id":"35FA1530","chunk_id":"cupnnvbi5pmvb","chunk_label":"unnamed-chunk-2"}],"doc_write_time":1684406215,"working_dir":null,"default_chunk_options":{}}