{"chunk_definitions":[{"row":10,"row_count":1,"visible":true,"expansion_state":0,"options":{"engine":"r","label":"setup","include":false,"echo":true},"document_id":"35FA1530","chunk_id":"csetup_chunk","chunk_label":"setup"},{"row":22,"row_count":1,"visible":true,"expansion_state":0,"options":{"engine":"python","label":"unnamed-chunk-4"},"document_id":"35FA1530","chunk_id":"c5ss7ylzlh1o9","chunk_label":"unnamed-chunk-1"},{"row":30,"row_count":1,"visible":true,"expansion_state":0,"options":{"engine":"python","label":"unnamed-chunk-11"},"document_id":"35FA1530","chunk_id":"cupnnvbi5pmvb","chunk_label":"unnamed-chunk-2"},{"row":43,"row_count":1,"visible":true,"expansion_state":0,"options":{"engine":"python","label":"unnamed-chunk-8"},"document_id":"35FA1530","chunk_id":"ce8nc2cc92cj1","chunk_label":"unnamed-chunk-3"}],"doc_write_time":1684370398,"working_dir":null,"default_chunk_options":{}}