{"chunk_definitions":[{"row":10,"row_count":1,"visible":true,"expansion_state":0,"options":{"engine":"r","label":"setup","include":false,"echo":true},"document_id":"35FA1530","chunk_id":"csetup_chunk","chunk_label":"setup"},{"row":22,"row_count":1,"visible":true,"expansion_state":0,"options":{"engine":"python","label":"unnamed-chunk-2"},"document_id":"35FA1530","chunk_id":"c5ss7ylzlh1o9","chunk_label":"unnamed-chunk-1"},{"row":29,"row_count":1,"visible":true,"expansion_state":0,"options":{"engine":"python","label":"unnamed-chunk-40"},"document_id":"35FA1530","chunk_id":"cupnnvbi5pmvb","chunk_label":"unnamed-chunk-2"},{"row":42,"row_count":1,"visible":true,"expansion_state":0,"options":{"engine":"python","label":"unnamed-chunk-45"},"document_id":"35FA1530","chunk_id":"cp20nwcdbjfaf","chunk_label":"unnamed-chunk-3"}],"doc_write_time":1684369215}