{"chunk_definitions":[{"row":10,"row_count":1,"visible":true,"expansion_state":0,"options":{"engine":"r","label":"setup","include":false,"echo":true},"document_id":"35FA1530","chunk_id":"csetup_chunk","chunk_label":"setup"},{"row":28,"row_count":1,"visible":true,"expansion_state":0,"options":{"engine":"python","label":"unnamed-chunk-7"},"document_id":"35FA1530","chunk_id":"cupnnvbi5pmvb","chunk_label":"unnamed-chunk-2"},{"row":36,"row_count":1,"visible":true,"expansion_state":0,"options":{"engine":"python","label":"unnamed-chunk-13"},"document_id":"35FA1530","chunk_id":"czmpc6sfe514e","chunk_label":"unnamed-chunk-3"}],"doc_write_time":1684362698,"working_dir":null,"default_chunk_options":{}}